{
  "accuracy": 0.9788197283936745,
  "precision": 0.7590732095604845,
  "recall": 0.6459786528990681,
  "f1": 0.6979743630321253,
  "threshold": 7.7366470985412565,
  "threshold_quantile": 0.992,
  "n_clusters": 12,
  "train_dataset": "normal",
  "test_dataset": "merged",
  "has_label": true,
  "smoothing_window": 10
}