{
  "accuracy": 0.9777030059255652,
  "precision": 0.7040325362674075,
  "recall": 0.7099101078339832,
  "f1": 0.7069591059089501,
  "threshold": 4.900092124938965,
  "n_clusters": 20,
  "n_train": 1387098,
  "n_test": 1441719
}