{
  "accuracy": 0.977131465979154,
  "precision": 0.7191796076208216,
  "recall": 0.6503176433972282,
  "f1": 0.6830173441525977,
  "threshold": 7.001434326171875,
  "threshold_quantile": 0.99,
  "n_clusters": 20,
  "train_dataset": "normal",
  "test_dataset": "all",
  "has_label": true
}